Type,Name,Request Count,Failure Count,Median Response Time,Average Response Time,Min Response Time,Max Response Time,Average Content Size,Requests/s,Failures/s,50%,66%,75%,80%,90%,95%,98%,99%,99.9%,99.99%,100%
GET,/api/alerts?limit=10,62,0,160.0,704.4797129027786,1.6979000065475702,3501.4544000150636,3494.7258064516127,1.0711244657184529,0.0,160,330,690,960,2700,3300,3400,3500,3500,3500,3500
GET,/api/alerts?limit=20,61,0,190.0,818.7874655762199,1.9352000672370195,3516.3893999997526,6988.426229508197,1.053848264658478,0.0,190,590,1800,2000,2400,2900,3300,3500,3500,3500,3500
GET,/api/alerts?limit=50,55,0,130.0,382.40147817414254,2.480900031514466,2877.606400055811,17204.163636363635,0.9501910582986276,0.0,130,260,420,530,1100,2100,2600,2900,2900,2900,2900
POST,/api/analyze,424,0,200.0,603.5037325507905,54.20749995391816,4121.295499964617,1142.8608490566037,7.32510924942942,0.0,200,350,610,880,2300,2600,3100,4000,4100,4100,4100
GET,/api/feature-importance?top_n=10,21,0,190.0,583.1463619002274,30.3549999371171,3184.6820999635383,658.0,0.362800222259476,0.0,190,440,910,1100,1500,1900,3200,3200,3200,3200,3200
GET,/api/feature-importance?top_n=20,26,0,120.0,613.5312076971436,20.81950008869171,2659.870900097303,1330.0,0.44918122755935125,0.0,130,330,840,1500,2200,2400,2700,2700,2700,2700,2700
GET,/api/feature-importance?top_n=30,28,0,140.0,302.57122144186206,29.76980002131313,2183.1727999961004,1989.0,0.48373362967930134,0.0,150,180,340,410,870,1500,2200,2200,2200,2200,2200
GET,/api/models,89,0,110.0,470.9469977572686,1.0232999920845032,3670.8537000231445,88.0,1.5375818943377793,0.0,110,270,410,620,2100,2400,3400,3700,3700,3700,3700
GET,/api/stats,159,0,84,431.2208176124841,1.2641999637708068,3903.672800050117,189.77987421383648,2.7469159685360327,0.0,84,170,270,430,1600,2700,3400,3800,3900,3900,3900
GET,/health,133,0,720.0,1089.4079323318836,1.3612000038847327,3716.7078000493348,156.0,2.2977347409766815,0.0,720,2100,2100,2200,2300,2500,2700,3600,3700,3700,3700
,Aggregated,1058,0,160.0,626.2580042557275,1.0232999920845032,4121.295499964617,2114.001890359168,18.2782207214536,0.0,160,350,690,1200,2200,2600,3300,3600,4100,4100,4100
