Timestamp,User Count,Type,Name,Requests/s,Failures/s,50%,66%,75%,80%,90%,95%,98%,99%,99.9%,99.99%,100%,Total Request Count,Total Failure Count,Total Median Response Time,Total Average Response Time,Total Min Response Time,Total Max Response Time,Total Average Content Size
1780870371,0,,Aggregated,0.000000,0.000000,N/A,N/A,N/A,N/A,N/A,N/A,N/A,N/A,N/A,N/A,N/A,0,0,0,0.0,0,0,0
1780870372,5,,Aggregated,0.000000,0.000000,N/A,N/A,N/A,N/A,N/A,N/A,N/A,N/A,N/A,N/A,N/A,0,0,0,0.0,0,0,0
1780870373,10,,Aggregated,0.000000,0.000000,N/A,N/A,N/A,N/A,N/A,N/A,N/A,N/A,N/A,N/A,N/A,0,0,0,0.0,0,0,0
1780870374,20,,Aggregated,0.000000,0.000000,2000,2000,2000,2100,2700,2700,2700,2700,2700,2700,2700,10,0,650.0,1257.9408499994315,2.5357999838888645,2691.6968000587076,560.6
1780870375,25,,Aggregated,0.000000,0.000000,650,2000,2100,2100,2100,2100,2700,2700,2700,2700,2700,21,0,650.0,1110.4329714296564,1.8494999967515469,2691.6968000587076,709.9047619047619
1780870376,30,,Aggregated,1.666667,0.000000,120,2000,2100,2100,2100,2100,2700,2700,2700,2700,2700,39,0,120.0,873.5369461594531,1.7260999884456396,2691.6968000587076,726.2307692307693
1780870377,35,,Aggregated,5.000000,0.000000,220,2000,2100,2100,2200,2200,2200,2700,2700,2700,2700,59,0,220.0,903.4315220384179,1.7260999884456396,2691.6968000587076,798.1694915254237
1780870378,40,,Aggregated,6.400000,0.000000,120,2000,2100,2100,2200,2200,2300,2700,2700,2700,2700,80,0,120.0,862.101126255584,1.7260999884456396,2691.6968000587076,834.175
1780870379,45,,Aggregated,8.000000,0.000000,110,650,2100,2100,2200,2200,2300,2300,2700,2700,2700,105,0,110.0,770.5387466697998,1.3231999473646283,2691.6968000587076,929.0285714285715
1780870380,50,,Aggregated,9.428571,0.000000,100,270,2100,2100,2200,2200,2300,2300,2700,2700,2700,117,0,100,700.9728393212964,1.3231999473646283,2691.6968000587076,923.017094017094
1780870381,50,,Aggregated,10.125000,0.000000,120,330,2100,2100,2200,2200,2300,2400,2700,2700,2700,149,0,120.0,721.9539496667945,1.3231999473646283,2691.6968000587076,1281.6040268456377
1780870382,50,,Aggregated,12.000000,0.000000,120,230,2000,2100,2200,2200,2300,2400,2700,2700,2700,170,0,120.0,646.5559882378918,1.3231999473646283,2691.6968000587076,1373.7235294117647
1780870383,50,,Aggregated,12.600000,0.000000,120,220,650,2100,2200,2300,2400,2500,2700,2700,2700,208,0,120.0,605.2307826948191,1.3231999473646283,2691.6968000587076,1382.9471153846155
1780870384,50,,Aggregated,15.400000,0.000000,110,170,400,2100,2100,2200,2400,2500,2700,2700,2700,227,0,110.0,559.2790066104562,1.3231999473646283,2691.6968000587076,1386.3348017621145
1780870385,50,,Aggregated,17.000000,0.000000,110,170,230,650,2100,2200,2400,2500,2700,2700,2700,255,0,110.0,509.98149725663313,1.3231999473646283,2691.6968000587076,1477.1921568627452
1780870386,50,,Aggregated,20.300000,0.000000,100,160,220,410,2100,2200,2400,2500,2700,2700,2700,273,0,100,480.56413882903263,1.3231999473646283,2691.6968000587076,1507.084249084249
1780870387,50,,Aggregated,20.700000,0.000000,93,150,210,330,2100,2200,2400,2500,2700,2700,2700,293,0,93,451.09041809118685,1.3231999473646283,2691.6968000587076,1670.730375426621
1780870388,50,,Aggregated,22.500000,0.000000,100,150,190,240,2100,2200,2400,2400,2700,2700,2700,310,0,96,432.10843548651843,1.3231999473646283,2691.6968000587076,1803.8354838709677
1780870389,50,,Aggregated,22.900000,0.000000,110,170,270,450,2100,2200,2400,2400,2700,2700,2700,341,0,110.0,440.5512700896557,1.3231999473646283,2691.6968000587076,1917.258064516129
1780870390,50,,Aggregated,22.900000,0.000000,110,180,330,620,2100,2200,2400,2400,2700,2700,2700,346,0,110.0,446.3481534702429,1.3231999473646283,2691.6968000587076,1901.1618497109826
1780870392,50,,Aggregated,22.900000,0.000000,110,180,330,620,2100,2200,2400,2400,2700,2700,2700,346,0,110.0,446.3481534702429,1.3231999473646283,2691.6968000587076,1901.1618497109826
1780870393,50,,Aggregated,23.300000,0.000000,120,200,410,810,2100,2300,2400,2500,2900,2900,2900,359,0,120.0,515.8827303649992,1.3231999473646283,2853.7378000328317,1879.2952646239555
1780870394,50,,Aggregated,23.300000,0.000000,120,200,410,810,2100,2300,2400,2500,2900,2900,2900,359,0,120.0,515.8827303649992,1.3231999473646283,2853.7378000328317,1879.2952646239555
1780870395,50,,Aggregated,19.200000,0.000000,140,340,980,2100,2400,3300,3700,4000,4100,4100,4100,394,0,130.0,756.0121355372065,1.3231999473646283,4121.295499964617,1873.2208121827412
1780870396,50,,Aggregated,15.100000,0.000000,130,340,930,2100,2400,3100,3700,4000,4100,4100,4100,412,0,130.0,742.5940553434486,1.3231999473646283,4121.295499964617,1996.764563106796
1780870397,50,,Aggregated,15.100000,0.000000,130,300,870,2100,2400,3100,3700,4000,4100,4100,4100,424,0,130.0,724.607580427612,1.3231999473646283,4121.295499964617,1970.8372641509434
1780870398,50,,Aggregated,16.700000,0.000000,150,390,760,2100,2400,3000,3700,4000,4100,4100,4100,458,0,150.0,702.9608709643103,1.3231999473646283,4121.295499964617,1981.0458515283842
1780870399,50,,Aggregated,14.700000,0.000000,140,350,690,2000,2300,2900,3700,4000,4100,4100,4100,478,0,140.0,675.3361520959478,1.3231999473646283,4121.295499964617,2039.949790794979
1780870400,50,,Aggregated,16.300000,0.000000,130,300,640,980,2300,2900,3600,3900,4100,4100,4100,505,0,130.0,641.5300877266886,1.2641999637708068,4121.295499964617,2072.4970297029704
1780870401,50,,Aggregated,16.300000,0.000000,120,290,560,880,2300,2800,3600,3900,4100,4100,4100,522,0,120.0,624.8399231837567,1.2641999637708068,4121.295499964617,2043.6934865900382
1780870402,50,,Aggregated,16.500000,0.000000,130,290,520,830,2200,2700,3500,3900,4100,4100,4100,551,0,130.0,604.6848085336218,1.2641999637708068,4121.295499964617,2028.8294010889292
1780870403,50,,Aggregated,17.600000,0.000000,130,260,470,760,2200,2700,3500,3900,4100,4100,4100,572,0,130.0,586.2477066471987,1.2641999637708068,4121.295499964617,2024.3304195804196
1780870404,50,,Aggregated,17.600000,0.000000,140,230,410,690,2200,2600,3500,3900,4100,4100,4100,596,0,140.0,569.049185574572,1.2641999637708068,4121.295499964617,2005.4580536912752
1780870405,50,,Aggregated,20.500000,0.000000,140,230,410,650,2200,2600,3500,3800,4100,4100,4100,611,0,140.0,560.0286946032172,1.2641999637708068,4121.295499964617,1990.0703764320785
1780870406,50,,Aggregated,20.900000,0.000000,140,290,510,700,2200,2600,3500,3800,4100,4100,4100,633,0,140.0,563.8190205411258,1.2641999637708068,4121.295499964617,2008.088467614534
1780870407,50,,Aggregated,21.700000,0.000000,150,270,480,660,2200,2500,3400,3800,4100,4100,4100,659,0,150.0,549.8120261044263,1.2641999637708068,4121.295499964617,2038.412746585736
1780870408,50,,Aggregated,22.500000,0.000000,150,270,450,650,2200,2500,3400,3800,4100,4100,4100,677,0,150.0,539.5982883347162,1.2641999637708068,4121.295499964617,2017.231905465288
1780870409,50,,Aggregated,22.500000,0.000000,140,270,440,640,2200,2500,3400,3800,4100,4100,4100,687,0,140.0,533.5613906880355,1.2641999637708068,4121.295499964617,2001.9505094614265
1780870410,50,,Aggregated,23.400000,0.000000,150,270,450,650,2200,2500,3400,3800,4100,4100,4100,690,0,150.0,536.9287927575963,1.2641999637708068,4121.295499964617,2030.744927536232
1780870411,50,,Aggregated,23.400000,0.000000,150,270,450,650,2200,2500,3400,3800,4100,4100,4100,690,0,150.0,536.9287927575963,1.2641999637708068,4121.295499964617,2030.744927536232
1780870412,50,,Aggregated,21.200000,0.000000,160,330,590,850,2400,2900,3400,3700,4100,4100,4100,720,0,160.0,628.8810183378196,1.2641999637708068,4121.295499964617,2061.011111111111
1780870413,50,,Aggregated,18.900000,0.000000,160,360,650,1300,2400,2900,3400,3700,4100,4100,4100,743,0,160.0,662.3667162898828,1.2641999637708068,4121.295499964617,2062.9919246298787
1780870414,50,,Aggregated,16.800000,0.000000,160,340,640,930,2400,2900,3400,3700,4100,4100,4100,767,0,160.0,644.960545766868,1.0232999920845032,4121.295499964617,2080.7992177314213
1780870415,50,,Aggregated,16.800000,0.000000,160,340,640,930,2400,2900,3400,3700,4100,4100,4100,767,0,160.0,644.960545766868,1.0232999920845032,4121.295499964617,2080.7992177314213
1780870416,50,,Aggregated,17.500000,0.000000,160,340,640,960,2400,2900,3400,3700,4100,4100,4100,768,0,160.0,646.2225855510345,1.0232999920845032,4121.295499964617,2079.7174479166665
1780870417,50,,Aggregated,17.100000,0.000000,170,400,840,1900,2400,2800,3400,3700,4100,4100,4100,806,0,170.0,711.2864898298185,1.0232999920845032,4121.295499964617,2115.156327543424
1780870418,50,,Aggregated,13.500000,0.000000,170,410,870,1900,2400,2800,3400,3700,4100,4100,4100,835,0,170.0,713.3959003629352,1.0232999920845032,4121.295499964617,2142.106586826347
1780870419,50,,Aggregated,14.800000,0.000000,170,380,830,1900,2400,2700,3300,3700,4100,4100,4100,859,0,170.0,695.0386111789608,1.0232999920845032,4121.295499964617,2159.4586728754366
1780870420,50,,Aggregated,14.400000,0.000000,160,360,760,1700,2400,2700,3300,3700,4100,4100,4100,878,0,160.0,681.420933146821,1.0232999920845032,4121.295499964617,2142.391799544419
1780870421,50,,Aggregated,15.300000,0.000000,160,350,740,1600,2300,2700,3300,3700,4100,4100,4100,902,0,160.0,665.6311517772358,1.0232999920845032,4121.295499964617,2147.3159645232818
1780870422,50,,Aggregated,17.800000,0.000000,150,330,690,1500,2300,2700,3300,3700,4100,4100,4100,923,0,150.0,651.2798725926032,1.0232999920845032,4121.295499964617,2160.3434452871074
1780870423,50,,Aggregated,20.300000,0.000000,150,330,650,1400,2300,2700,3300,3700,4100,4100,4100,944,0,150.0,640.7782640918582,1.0232999920845032,4121.295499964617,2167.083686440678
1780870424,50,,Aggregated,19.100000,0.000000,160,330,640,1300,2300,2700,3300,3700,4100,4100,4100,967,0,160.0,634.0636615332018,1.0232999920845032,4121.295499964617,2155.6370217166495
1780870425,50,,Aggregated,18.800000,0.000000,160,330,640,1300,2300,2700,3300,3700,4100,4100,4100,968,0,160.0,634.6491055812279,1.0232999920845032,4121.295499964617,2154.5371900826444
1780870426,50,,Aggregated,19.100000,0.000000,160,350,700,1400,2300,2700,3300,3700,4100,4100,4100,989,0,160.0,647.3473604674111,1.0232999920845032,4121.295499964617,2136.431749241658
1780870427,50,,Aggregated,20.000000,0.000000,170,370,740,1300,2200,2700,3300,3600,4100,4100,4100,1023,0,170.0,643.7938593377843,1.0232999920845032,4121.295499964617,2121.4740957966765
